order,target,removed_params,params_left,n_dead,deleted_nll,recovered_nll,d_mnat,r32_ref_params_left,r32_ref_d_mnat,dead
thermal_var_desc,6208,16640,189488,1,2.4882845878601074,2.4766287803649902,0.4947185516357422,199920,-1.230001449584961,attn.L3
thermal_var_desc,39392,66368,139760,3,2.586230754852295,2.484673261642456,8.539199829101562,154336,0.5824565887451172,attn.L3;attn.L2;mlp.L2
thermal_var_desc,51792,66368,139760,3,2.586230754852295,2.484673261642456,8.539199829101562,154336,0.5824565887451172,attn.L3;attn.L2;mlp.L2
thermal_var_desc,95216,120224,85904,8,2.814948558807373,2.524515151977539,48.38109016418457,77872,7.451295852661133,attn.L3;attn.L2;mlp.L2;qk.L3.2;ngrp.L3.7;head.L3.2;attn.L1;mlp.L1
thermal_var_desc,128256,149184,56944,17,3.5600998401641846,2.6915886402130127,215.4545783996582,65472,13.688087463378906,attn.L3;attn.L2;mlp.L2;qk.L3.2;ngrp.L3.7;head.L3.2;attn.L1;mlp.L1;head.L1.3;head.L1.0;head.L2.2;ngrp.L3.6;ngrp.L2.7;qk.L2.3;head.L3.3;head.L3.1;mlp.L3
thermal_var_desc,140656,149184,56944,17,3.5600998401641846,2.6915886402130127,215.4545783996582,65472,13.688087463378906,attn.L3;attn.L2;mlp.L2;qk.L3.2;ngrp.L3.7;head.L3.2;attn.L1;mlp.L1;head.L1.3;head.L1.0;head.L2.2;ngrp.L3.6;ngrp.L2.7;qk.L2.3;head.L3.3;head.L3.1;mlp.L3
thermal_var_desc,165520,165824,40304,21,3.6198925971984863,2.8821330070495605,405.99894523620605,40608,33.22958946228027,attn.L3;attn.L2;mlp.L2;qk.L3.2;ngrp.L3.7;head.L3.2;attn.L1;mlp.L1;head.L1.3;head.L1.0;head.L2.2;ngrp.L3.6;ngrp.L2.7;qk.L2.3;head.L3.3;head.L3.1;mlp.L3;head.L2.3;qk.L3.3;head.L1.2;attn.L0
thermal_var_desc,186384,198912,7216,35,3.7477638721466064,3.593914270401001,1117.7802085876465,13536,186.48695945739746,attn.L3;attn.L2;mlp.L2;qk.L3.2;ngrp.L3.7;head.L3.2;attn.L1;mlp.L1;head.L1.3;head.L1.0;head.L2.2;ngrp.L3.6;ngrp.L2.7;qk.L2.3;head.L3.3;head.L3.1;mlp.L3;head.L2.3;qk.L3.3;head.L1.2;attn.L0;qk.L0.0;ngrp.L3.4;ngrp.L3.5;head.L2.1;ngrp.L2.6;ngrp.L3.2;ngrp.L1.7;ngrp.L3.3;ngrp.L2.5;ngrp.L2.3;head.L2.0;qk.L3.0;ngrp.L1.6;mlp.L0
thermal_var_desc,192592,198912,7216,35,3.7477638721466064,3.593914270401001,1117.7802085876465,13536,186.48695945739746,attn.L3;attn.L2;mlp.L2;qk.L3.2;ngrp.L3.7;head.L3.2;attn.L1;mlp.L1;head.L1.3;head.L1.0;head.L2.2;ngrp.L3.6;ngrp.L2.7;qk.L2.3;head.L3.3;head.L3.1;mlp.L3;head.L2.3;qk.L3.3;head.L1.2;attn.L0;qk.L0.0;ngrp.L3.4;ngrp.L3.5;head.L2.1;ngrp.L2.6;ngrp.L3.2;ngrp.L1.7;ngrp.L3.3;ngrp.L2.5;ngrp.L2.3;head.L2.0;qk.L3.0;ngrp.L1.6;mlp.L0
thermal_var_desc_fine,6208,6208,199920,2,2.4771480560302734,2.47576904296875,-0.3650188446044922,199920,-1.230001449584961,qk.L3.2;ngrp.L3.7
thermal_var_desc_fine,39392,41392,164736,12,2.4979190826416016,2.480112075805664,3.9780139923095703,166736,-0.3612041473388672,qk.L3.2;ngrp.L3.7;head.L3.2;head.L1.3;head.L1.0;head.L2.2;ngrp.L3.6;ngrp.L2.7;qk.L2.3;head.L3.3;head.L3.1;head.L2.3
thermal_var_desc_fine,51792,55872,150256,17,2.5236544609069824,2.4860987663269043,9.964704513549805,154336,0.5824565887451172,qk.L3.2;ngrp.L3.7;head.L3.2;head.L1.3;head.L1.0;head.L2.2;ngrp.L3.6;ngrp.L2.7;qk.L2.3;head.L3.3;head.L3.1;head.L2.3;qk.L3.3;head.L1.2;qk.L0.0;ngrp.L3.4;ngrp.L3.5
thermal_var_desc_fine,95216,99264,106864,28,2.5566353797912598,2.4950296878814697,18.895626068115234,110912,2.9366016387939453,qk.L3.2;ngrp.L3.7;head.L3.2;head.L1.3;head.L1.0;head.L2.2;ngrp.L3.6;ngrp.L2.7;qk.L2.3;head.L3.3;head.L3.1;head.L2.3;qk.L3.3;head.L1.2;qk.L0.0;ngrp.L3.4;ngrp.L3.5;head.L2.1;ngrp.L2.6;ngrp.L3.2;ngrp.L1.7;ngrp.L3.3;ngrp.L2.5;ngrp.L2.3;head.L2.0;qk.L3.0;ngrp.L1.6;ngrp.L2.4
thermal_var_desc_fine,128256,132304,73824,37,2.925492763519287,2.557450532913208,81.31647109985352,77872,7.451295852661133,qk.L3.2;ngrp.L3.7;head.L3.2;head.L1.3;head.L1.0;head.L2.2;ngrp.L3.6;ngrp.L2.7;qk.L2.3;head.L3.3;head.L3.1;head.L2.3;qk.L3.3;head.L1.2;qk.L0.0;ngrp.L3.4;ngrp.L3.5;head.L2.1;ngrp.L2.6;ngrp.L3.2;ngrp.L1.7;ngrp.L3.3;ngrp.L2.5;ngrp.L2.3;head.L2.0;qk.L3.0;ngrp.L1.6;ngrp.L2.4;ngrp.L2.2;ngrp.L0.7;head.L3.0;ngrp.L2.0;ngrp.L3.1;ngrp.L2.1;head.L0.0;ngrp.L1.0;head.L1.1
thermal_var_desc_fine,140656,144688,61440,40,2.9813404083251953,2.576202630996704,100.06856918334961,65472,13.688087463378906,qk.L3.2;ngrp.L3.7;head.L3.2;head.L1.3;head.L1.0;head.L2.2;ngrp.L3.6;ngrp.L2.7;qk.L2.3;head.L3.3;head.L3.1;head.L2.3;qk.L3.3;head.L1.2;qk.L0.0;ngrp.L3.4;ngrp.L3.5;head.L2.1;ngrp.L2.6;ngrp.L3.2;ngrp.L1.7;ngrp.L3.3;ngrp.L2.5;ngrp.L2.3;head.L2.0;qk.L3.0;ngrp.L1.6;ngrp.L2.4;ngrp.L2.2;ngrp.L0.7;head.L3.0;ngrp.L2.0;ngrp.L3.1;ngrp.L2.1;head.L0.0;ngrp.L1.0;head.L1.1;ngrp.L1.5;ngrp.L0.6;ngrp.L1.1
thermal_var_desc_fine,165520,167424,38704,48,3.0833098888397217,2.6809864044189453,204.85234260559082,40608,33.22958946228027,qk.L3.2;ngrp.L3.7;head.L3.2;head.L1.3;head.L1.0;head.L2.2;ngrp.L3.6;ngrp.L2.7;qk.L2.3;head.L3.3;head.L3.1;head.L2.3;qk.L3.3;head.L1.2;qk.L0.0;ngrp.L3.4;ngrp.L3.5;head.L2.1;ngrp.L2.6;ngrp.L3.2;ngrp.L1.7;ngrp.L3.3;ngrp.L2.5;ngrp.L2.3;head.L2.0;qk.L3.0;ngrp.L1.6;ngrp.L2.4;ngrp.L2.2;ngrp.L0.7;head.L3.0;ngrp.L2.0;ngrp.L3.1;ngrp.L2.1;head.L0.0;ngrp.L1.0;head.L1.1;ngrp.L1.5;ngrp.L0.6;ngrp.L1.1;qk.L2.2;ngrp.L1.4;qk.L1.3;qk.L0.3;head.L0.2;ngrp.L1.3;ngrp.L1.2;ngrp.L0.4
thermal_var_desc_fine,186384,190144,15984,61,3.6288883686065674,3.1420483589172363,665.9142971038818,13536,186.48695945739746,qk.L3.2;ngrp.L3.7;head.L3.2;head.L1.3;head.L1.0;head.L2.2;ngrp.L3.6;ngrp.L2.7;qk.L2.3;head.L3.3;head.L3.1;head.L2.3;qk.L3.3;head.L1.2;qk.L0.0;ngrp.L3.4;ngrp.L3.5;head.L2.1;ngrp.L2.6;ngrp.L3.2;ngrp.L1.7;ngrp.L3.3;ngrp.L2.5;ngrp.L2.3;head.L2.0;qk.L3.0;ngrp.L1.6;ngrp.L2.4;ngrp.L2.2;ngrp.L0.7;head.L3.0;ngrp.L2.0;ngrp.L3.1;ngrp.L2.1;head.L0.0;ngrp.L1.0;head.L1.1;ngrp.L1.5;ngrp.L0.6;ngrp.L1.1;qk.L2.2;ngrp.L1.4;qk.L1.3;qk.L0.3;head.L0.2;ngrp.L1.3;ngrp.L1.2;ngrp.L0.4;ngrp.L0.5;head.L0.3;ngrp.L0.3;ngrp.L0.2;qk.L1.1;head.L0.1;qk.L0.1;qk.L1.2;qk.L3.1;qk.L2.0;qk.L1.0;qk.L2.1;ngrp.L3.0
thermal_var_desc_fine,192592,194272,11856,62,3.6739730834960938,3.330579996109009,854.4459342956543,13536,186.48695945739746,qk.L3.2;ngrp.L3.7;head.L3.2;head.L1.3;head.L1.0;head.L2.2;ngrp.L3.6;ngrp.L2.7;qk.L2.3;head.L3.3;head.L3.1;head.L2.3;qk.L3.3;head.L1.2;qk.L0.0;ngrp.L3.4;ngrp.L3.5;head.L2.1;ngrp.L2.6;ngrp.L3.2;ngrp.L1.7;ngrp.L3.3;ngrp.L2.5;ngrp.L2.3;head.L2.0;qk.L3.0;ngrp.L1.6;ngrp.L2.4;ngrp.L2.2;ngrp.L0.7;head.L3.0;ngrp.L2.0;ngrp.L3.1;ngrp.L2.1;head.L0.0;ngrp.L1.0;head.L1.1;ngrp.L1.5;ngrp.L0.6;ngrp.L1.1;qk.L2.2;ngrp.L1.4;qk.L1.3;qk.L0.3;head.L0.2;ngrp.L1.3;ngrp.L1.2;ngrp.L0.4;ngrp.L0.5;head.L0.3;ngrp.L0.3;ngrp.L0.2;qk.L1.1;head.L0.1;qk.L0.1;qk.L1.2;qk.L3.1;qk.L2.0;qk.L1.0;qk.L2.1;ngrp.L3.0;ngrp.L0.0
quench_asc,6208,8256,197872,2,2.47623348236084,2.475728750228882,-0.40531158447265625,199920,-1.230001449584961,ngrp.L3.7;ngrp.L2.7
quench_asc,39392,43360,162768,11,2.479146957397461,2.476468086242676,0.33402442932128906,166736,-0.3612041473388672,ngrp.L3.7;ngrp.L2.7;ngrp.L1.7;ngrp.L2.6;ngrp.L2.5;ngrp.L0.7;qk.L1.2;ngrp.L1.6;ngrp.L2.4;ngrp.L1.5;ngrp.L0.6
quench_asc,51792,55760,150368,15,2.481236219406128,2.477146625518799,1.012563705444336,154336,0.5824565887451172,ngrp.L3.7;ngrp.L2.7;ngrp.L1.7;ngrp.L2.6;ngrp.L2.5;ngrp.L0.7;qk.L1.2;ngrp.L1.6;ngrp.L2.4;ngrp.L1.5;ngrp.L0.6;head.L1.2;qk.L2.3;ngrp.L1.3;ngrp.L3.6
quench_asc,95216,97120,109008,29,2.5017166137695312,2.482658863067627,6.524801254272461,110912,2.9366016387939453,ngrp.L3.7;ngrp.L2.7;ngrp.L1.7;ngrp.L2.6;ngrp.L2.5;ngrp.L0.7;qk.L1.2;ngrp.L1.6;ngrp.L2.4;ngrp.L1.5;ngrp.L0.6;head.L1.2;qk.L2.3;ngrp.L1.3;ngrp.L3.6;ngrp.L1.4;head.L2.3;ngrp.L0.5;ngrp.L2.3;qk.L2.0;qk.L3.0;qk.L2.2;ngrp.L0.4;ngrp.L1.2;qk.L3.2;head.L2.0;ngrp.L0.3;head.L3.0;qk.L2.1
quench_asc,128256,132272,73856,41,2.550708770751953,2.496018886566162,19.884824752807617,77872,7.451295852661133,ngrp.L3.7;ngrp.L2.7;ngrp.L1.7;ngrp.L2.6;ngrp.L2.5;ngrp.L0.7;qk.L1.2;ngrp.L1.6;ngrp.L2.4;ngrp.L1.5;ngrp.L0.6;head.L1.2;qk.L2.3;ngrp.L1.3;ngrp.L3.6;ngrp.L1.4;head.L2.3;ngrp.L0.5;ngrp.L2.3;qk.L2.0;qk.L3.0;qk.L2.2;ngrp.L0.4;ngrp.L1.2;qk.L3.2;head.L2.0;ngrp.L0.3;head.L3.0;qk.L2.1;head.L3.1;head.L3.2;ngrp.L2.2;qk.L0.3;qk.L3.1;head.L2.2;head.L2.1;qk.L0.2;ngrp.L1.1;ngrp.L0.2;ngrp.L3.5;head.L3.3
quench_asc,140656,142624,63504,46,2.5752031803131104,2.5061702728271484,30.036211013793945,65472,13.688087463378906,ngrp.L3.7;ngrp.L2.7;ngrp.L1.7;ngrp.L2.6;ngrp.L2.5;ngrp.L0.7;qk.L1.2;ngrp.L1.6;ngrp.L2.4;ngrp.L1.5;ngrp.L0.6;head.L1.2;qk.L2.3;ngrp.L1.3;ngrp.L3.6;ngrp.L1.4;head.L2.3;ngrp.L0.5;ngrp.L2.3;qk.L2.0;qk.L3.0;qk.L2.2;ngrp.L0.4;ngrp.L1.2;qk.L3.2;head.L2.0;ngrp.L0.3;head.L3.0;qk.L2.1;head.L3.1;head.L3.2;ngrp.L2.2;qk.L0.3;qk.L3.1;head.L2.2;head.L2.1;qk.L0.2;ngrp.L1.1;ngrp.L0.2;ngrp.L3.5;head.L3.3;qk.L3.3;qk.L1.0;head.L0.3;qk.L1.3;ngrp.L2.1
quench_asc,165520,167424,38704,55,2.6644539833068848,2.5751616954803467,99.02763366699219,40608,33.22958946228027,ngrp.L3.7;ngrp.L2.7;ngrp.L1.7;ngrp.L2.6;ngrp.L2.5;ngrp.L0.7;qk.L1.2;ngrp.L1.6;ngrp.L2.4;ngrp.L1.5;ngrp.L0.6;head.L1.2;qk.L2.3;ngrp.L1.3;ngrp.L3.6;ngrp.L1.4;head.L2.3;ngrp.L0.5;ngrp.L2.3;qk.L2.0;qk.L3.0;qk.L2.2;ngrp.L0.4;ngrp.L1.2;qk.L3.2;head.L2.0;ngrp.L0.3;head.L3.0;qk.L2.1;head.L3.1;head.L3.2;ngrp.L2.2;qk.L0.3;qk.L3.1;head.L2.2;head.L2.1;qk.L0.2;ngrp.L1.1;ngrp.L0.2;ngrp.L3.5;head.L3.3;qk.L3.3;qk.L1.0;head.L0.3;qk.L1.3;ngrp.L2.1;head.L1.3;head.L1.0;ngrp.L0.1;qk.L0.1;head.L0.2;ngrp.L3.4;ngrp.L3.3;qk.L1.1;head.L0.1
quench_asc,186384,190336,15792,65,3.0551223754882812,2.724393367767334,248.2593059539795,13536,186.48695945739746,ngrp.L3.7;ngrp.L2.7;ngrp.L1.7;ngrp.L2.6;ngrp.L2.5;ngrp.L0.7;qk.L1.2;ngrp.L1.6;ngrp.L2.4;ngrp.L1.5;ngrp.L0.6;head.L1.2;qk.L2.3;ngrp.L1.3;ngrp.L3.6;ngrp.L1.4;head.L2.3;ngrp.L0.5;ngrp.L2.3;qk.L2.0;qk.L3.0;qk.L2.2;ngrp.L0.4;ngrp.L1.2;qk.L3.2;head.L2.0;ngrp.L0.3;head.L3.0;qk.L2.1;head.L3.1;head.L3.2;ngrp.L2.2;qk.L0.3;qk.L3.1;head.L2.2;head.L2.1;qk.L0.2;ngrp.L1.1;ngrp.L0.2;ngrp.L3.5;head.L3.3;qk.L3.3;qk.L1.0;head.L0.3;qk.L1.3;ngrp.L2.1;head.L1.3;head.L1.0;ngrp.L0.1;qk.L0.1;head.L0.2;ngrp.L3.4;ngrp.L3.3;qk.L1.1;head.L0.1;attn.L2;ngrp.L1.0;head.L1.1;ngrp.L3.2;ngrp.L0.0;attn.L3;qk.L0.0;head.L0.0;mlp.L1;ngrp.L3.1
quench_asc,192592,194464,11664,66,3.3790981769561768,2.893705129623413,417.5710678100586,13536,186.48695945739746,ngrp.L3.7;ngrp.L2.7;ngrp.L1.7;ngrp.L2.6;ngrp.L2.5;ngrp.L0.7;qk.L1.2;ngrp.L1.6;ngrp.L2.4;ngrp.L1.5;ngrp.L0.6;head.L1.2;qk.L2.3;ngrp.L1.3;ngrp.L3.6;ngrp.L1.4;head.L2.3;ngrp.L0.5;ngrp.L2.3;qk.L2.0;qk.L3.0;qk.L2.2;ngrp.L0.4;ngrp.L1.2;qk.L3.2;head.L2.0;ngrp.L0.3;head.L3.0;qk.L2.1;head.L3.1;head.L3.2;ngrp.L2.2;qk.L0.3;qk.L3.1;head.L2.2;head.L2.1;qk.L0.2;ngrp.L1.1;ngrp.L0.2;ngrp.L3.5;head.L3.3;qk.L3.3;qk.L1.0;head.L0.3;qk.L1.3;ngrp.L2.1;head.L1.3;head.L1.0;ngrp.L0.1;qk.L0.1;head.L0.2;ngrp.L3.4;ngrp.L3.3;qk.L1.1;head.L0.1;attn.L2;ngrp.L1.0;head.L1.1;ngrp.L3.2;ngrp.L0.0;attn.L3;qk.L0.0;head.L0.0;mlp.L1;ngrp.L3.1;ngrp.L2.0
random,6208,6208,199920,2,2.476318359375,2.4758124351501465,-0.3216266632080078,199920,-1.230001449584961,ngrp.L1.7;qk.L1.2
random,39392,41440,164688,9,2.571591854095459,2.4957563877105713,19.622325897216797,166736,-0.3612041473388672,ngrp.L1.7;qk.L1.2;head.L0.1;ngrp.L2.7;ngrp.L0.6;ngrp.L3.6;qk.L3.3;ngrp.L1.2;attn.L0
random,51792,70400,135728,10,2.657512664794922,2.508391857147217,32.257795333862305,154336,0.5824565887451172,ngrp.L1.7;qk.L1.2;head.L0.1;ngrp.L2.7;ngrp.L0.6;ngrp.L3.6;qk.L3.3;ngrp.L1.2;attn.L0;mlp.L2
random,95216,97376,108752,16,2.689507246017456,2.523003578186035,46.869516372680664,110912,2.9366016387939453,ngrp.L1.7;qk.L1.2;head.L0.1;ngrp.L2.7;ngrp.L0.6;ngrp.L3.6;qk.L3.3;ngrp.L1.2;attn.L0;mlp.L2;head.L2.3;attn.L2;head.L0.0;ngrp.L3.3;qk.L3.1;ngrp.L1.6
random,128256,130480,75648,22,2.9891014099121094,2.632951259613037,156.81719779968262,77872,7.451295852661133,ngrp.L1.7;qk.L1.2;head.L0.1;ngrp.L2.7;ngrp.L0.6;ngrp.L3.6;qk.L3.3;ngrp.L1.2;attn.L0;mlp.L2;head.L2.3;attn.L2;head.L0.0;ngrp.L3.3;qk.L3.1;ngrp.L1.6;mlp.L1;head.L2.2;qk.L1.1;head.L1.1;ngrp.L0.0;ngrp.L3.2
random,140656,151216,54912,26,3.052839994430542,2.6594648361206055,183.33077430725098,65472,13.688087463378906,ngrp.L1.7;qk.L1.2;head.L0.1;ngrp.L2.7;ngrp.L0.6;ngrp.L3.6;qk.L3.3;ngrp.L1.2;attn.L0;mlp.L2;head.L2.3;attn.L2;head.L0.0;ngrp.L3.3;qk.L3.1;ngrp.L1.6;mlp.L1;head.L2.2;qk.L1.1;head.L1.1;ngrp.L0.0;ngrp.L3.2;qk.L0.2;ngrp.L3.7;ngrp.L3.4;attn.L3
random,165520,165696,40432,38,3.1199147701263428,2.706491470336914,230.35740852355957,40608,33.22958946228027,ngrp.L1.7;qk.L1.2;head.L0.1;ngrp.L2.7;ngrp.L0.6;ngrp.L3.6;qk.L3.3;ngrp.L1.2;attn.L0;mlp.L2;head.L2.3;attn.L2;head.L0.0;ngrp.L3.3;qk.L3.1;ngrp.L1.6;mlp.L1;head.L2.2;qk.L1.1;head.L1.1;ngrp.L0.0;ngrp.L3.2;qk.L0.2;ngrp.L3.7;ngrp.L3.4;attn.L3;ngrp.L0.1;ngrp.L0.7;ngrp.L2.1;ngrp.L1.0;head.L3.0;qk.L1.0;qk.L2.3;qk.L0.3;qk.L0.1;qk.L2.0;head.L1.2;qk.L1.3
random,186384,186400,19728,54,3.2890994548797607,2.7847867012023926,308.6526393890381,19744,133.83936882019043,ngrp.L1.7;qk.L1.2;head.L0.1;ngrp.L2.7;ngrp.L0.6;ngrp.L3.6;qk.L3.3;ngrp.L1.2;attn.L0;mlp.L2;head.L2.3;attn.L2;head.L0.0;ngrp.L3.3;qk.L3.1;ngrp.L1.6;mlp.L1;head.L2.2;qk.L1.1;head.L1.1;ngrp.L0.0;ngrp.L3.2;qk.L0.2;ngrp.L3.7;ngrp.L3.4;attn.L3;ngrp.L0.1;ngrp.L0.7;ngrp.L2.1;ngrp.L1.0;head.L3.0;qk.L1.0;qk.L2.3;qk.L0.3;qk.L0.1;qk.L2.0;head.L1.2;qk.L1.3;qk.L0.0;head.L0.2;head.L1.0;attn.L1;qk.L2.1;ngrp.L3.5;ngrp.L2.6;ngrp.L2.4;head.L3.2;ngrp.L3.1;ngrp.L0.5;ngrp.L2.3;ngrp.L1.4;head.L1.3;ngrp.L2.0;ngrp.L0.4
random,192592,194720,11408,55,3.3648526668548584,2.916226625442505,440.0925636291504,13536,186.48695945739746,ngrp.L1.7;qk.L1.2;head.L0.1;ngrp.L2.7;ngrp.L0.6;ngrp.L3.6;qk.L3.3;ngrp.L1.2;attn.L0;mlp.L2;head.L2.3;attn.L2;head.L0.0;ngrp.L3.3;qk.L3.1;ngrp.L1.6;mlp.L1;head.L2.2;qk.L1.1;head.L1.1;ngrp.L0.0;ngrp.L3.2;qk.L0.2;ngrp.L3.7;ngrp.L3.4;attn.L3;ngrp.L0.1;ngrp.L0.7;ngrp.L2.1;ngrp.L1.0;head.L3.0;qk.L1.0;qk.L2.3;qk.L0.3;qk.L0.1;qk.L2.0;head.L1.2;qk.L1.3;qk.L0.0;head.L0.2;head.L1.0;attn.L1;qk.L2.1;ngrp.L3.5;ngrp.L2.6;ngrp.L2.4;head.L3.2;ngrp.L3.1;ngrp.L0.5;ngrp.L2.3;ngrp.L1.4;head.L1.3;ngrp.L2.0;ngrp.L0.4;mlp.L0
